PDB ID,Affinity,Affinity (mM),type,Chain,Length,SS,Sequence,Chain,Length,SS,score_sum_seq,score_sum_struc,score_average,keywords,protein_sasa,peptide_sasa,combined_sasa,bsa
1cka,Kd=1.9uM,1.9,Kd,A,57,beta,PPPALPPKKR,B,10,coil,1786,4954.51,3370.255,ONCOGENE PROTEIN,4092.903564,1486.207275,4462.754395,1116.356445
1d4t,Kd=650nM,0.65,Kd,A,104,mix,KSLTIYAQVQK,B,11,beta,1943,3162.68,2552.84,SIGNALING PROTEIN ,6655.964355,1898.284302,6711.846191,1842.402466
1ELW,Kd = 16 uM,16,Kd,A,118,alpha,GPTIEEVD,C,8,coil,2030,2066.92,2048.46,CHAPERONE ,6931.11084,1261.86145,6978.624023,1214.348267
1FCH,Kd = 70 nM,0.07,Kd,A,368,alpha,YQSKL,C,5,coil,1909,935.02,1422.01,SIGNALING PROTEIN ,14025.51758,1007.228638,13859.73438,1173.011841
1GWR,Kd = 250 nM,0.25,Kd,A,245,alpha,NALLRYLLD,C,9,alpha,1962,2670.92,2316.46,NUCLEAR RECEPTOR ,12171.03223,1307.167969,12516.44824,961.7519531
1JD5,Kd = 0.24 uM,0.24,Kd,A,124,mix,AIAYFIPDQA,B,10,beta,1878,2631.07,2254.535,HYDROLASE,6663.631348,1237.174194,6793.837891,1106.967651
1LB6,Kd = 84 uM,84,Kd,A,160,beta,KQEPQEIDF,B,9,beta,1854,3456.74,2655.37,SIGNALING PROTEIN ,9164.09082,1545.046021,9419.149414,1289.987427
1MF4,Ki = 10.2 nM,0.0102,Ki,A,119,mix,VAFRS,B,5,coil,1858,2060.49,1959.245,HYDROLASE,7069.520508,966.979248,6981.115234,1055.384521
1mfg,Kd=50uM,50,Kd,A,95,mix,EYLGLDVPV,B,9,beta,2115,8098.03,5106.515,SIGNALING PROTEIN ,6153.237305,1358.046997,6395.251465,1116.032837
1oai,Kd=10uM,10,Kd,A,59,alpha,DSGFSFGSK,B,9,coil,1783,1906.59,1844.795,NUCLEAR TRANSPORT ,4487.080078,1392.925537,4957.556641,922.4489746
1t7r,Kd=1.1uM,1.1,Kd,A,269,alpha,SSRFESLFAGEKESR,B,15,alpha,1958,3716.33,2837.165,GROWTH FACTOR RECEPTOR ,12798.44629,1273.906738,12953.98535,1118.367676
1X2R,Ka = 5510000 M^-1,5510000 M^-1,Ka,A,316,beta,LDEETGEFL,B,9,coil,1999,5813.99,3906.495,TRANSCRIPTION ,12218.84473,1199.690308,12248.43262,1170.102417
1YWO,Kd = 12.5 uM,12.5,Kd,A,64,beta,QPPVPPQRPM,P,10,coil,1779,4086.4,2932.7,HYDROLASE,3813.907715,1694.88916,4552.341309,956.4555664
2HO2,Kd = 116 uM,116,Kd,A,38,beta,PPPPPPPPPL,B,10,coil,1228,3008.55,2118.275,PROTEIN BINDING ,2804.180664,1479.144287,3640.208008,643.1169434
2O9V,Kd = 288 uM,288,Kd,A,67,beta,VPPPVPPPPS,B,10,coil,2001,5040.67,3520.835,SIGNALING PROTEIN,4843.578613,1443.454834,5407.437988,879.595459
2OEI,Kd = 124 uM,124,Kd,A,38,beta,PPPPPPLPP,B,9,coil,1350,3167.99,2258.995,PROTEIN BINDING ,2848.928955,1345.546875,3435.446045,759.0297852
2PEH,Kd = 1.1 uM,1.1,Kd,A,105,mix,KRKSRWDETP,C,10,coil,1936,2750.15,2343.075,PROTEIN BINDING ,5794.295898,1854.095459,6523.800293,1124.591064
2PV1,Kd = 0.073 uM,0.073,Kd,A,103,mix,WEYIPNV,B,7,coil,1907,2757.9,2332.45,ISOMERASE ,6294.368652,1227.936157,6314.405273,1207.899536
2QBW,Kd = 60 nM,0.06,Kd,A,195,mix,PQPVDSWV,B,8,beta,2105,8414.57,5259.785,UNKNOWN FUNCTION ,10620.27344,1326.691528,10494.80762,1452.157349
2WA8,Kd = 3.8 uM,3.8,Kd,C,107,mix,FRSKGEELFT,D,10,coil,1920,2804.61,2362.305,PEPTIDE BINDING PROTEIN ,8052.564941,1096.61438,8385.137695,764.041626
2xrw,Kd=7.1uM,7.1,Kd,A,371,mix,LERPSRDHLYLPLE,B,14,coil,2044,6994.62,4519.31,TRANSCRIPTION ,16933.50977,1991.86792,17670.2207,1255.156982
3asl,Kd=1.73uM,1.73,Kd,A,70,coil,ARTKQTARKST,B,11,coil,1810,2391.95,2100.975,LIGASE,5133.638184,1729.030884,5806.956055,1055.713013
3CH8,Kd = 56 nM,0.056,Kd,A,195,mix,PQPVDSWV,P,8,beta,2105,8381.47,5243.235,STRUCTURAL PROTEIN ,10749.20605,1349.666016,10356.57324,1742.298828
3D9T,Kd = 48 nM,0.048,Kd,A,97,mix,ATPFQE,C,6,beta,1882,2283.56,2082.78,APOPTOSIS ,6115.277832,1004.885559,6253.193848,866.9695435
3DIW,Kd = 0.19 uM,0.19,Kd,A,124,mix,NQLAWFDTDL,C,10,beta,2086,8228.49,5157.245,SIGNALING PROTEIN,6924.371582,1520.154785,7060.455078,1384.071289
3drf,Kd=0.1uM,0.1,Kd,A,590,mix,ASNSIASG,B,8,beta,2024,13810.19,7917.095,PEPTIDE BINDING PROTEIN ,22649.15625,1114.752197,22239.67969,1524.22876
3DRG,Kd = 0.1 uM,0.1,Kd,A,590,mix,RPPGFSPFA,B,9,beta,2018,14175.98,8096.99,PEPTIDE BINDING PROTEIN ,23579.86523,1459.633789,22961.17383,2078.325195
3emh,Kd=140nM,0.14,Kd,A,318,beta,ARAEVHLRKSAFD,B,13,coil,2236,25406.22,13821.11,GENE REGULATION ,11979.0459,1061.4104,11897.7168,1142.739502
3IQG,Kd = 24.9 uM,24.9,Kd,X,316,mix,MNWNI,P,5,coil,1972,2260.12,2116.06,TRANSFERASE ,13623.87793,827.3280029,13433.68066,1017.525269
3ivv,Kd=3.7uM,3.7,Kd,A,145,mix,DEVTSTTSSS,D,10,coil,1960,4001.06,2980.53,LIGASE ,7984.494629,1465.085327,8376.338867,1073.241089
3l3x,IC50=0.71uM,0.71,IC50,A,250,alpha,HKKLLQLLTCSS,B,12,alpha,1977,3461.88,2719.44,PROTEIN BINDING ,12821.9209,1601.110352,13186.42383,1236.607422
3OBQ,Kd = 290 uM,290,Kd,A,146,mix,PTPSAPVPL,B,9,coil,1968,3303.67,2635.835,PROTEIN TRANSPORT ,8507.390625,1374.539551,8761.594727,1120.335449
3R42,Kd = 84 uM,84,Kd,A,162,mix,QVPSDPYNY,B,9,coil,1959,3298.87,2628.935,PROTEIN TRANSPORT ,9531.202148,1245.08374,9715.083984,1061.201904
3RYB,Kd = 4.2 uM,4.2,Kd,A,590,mix,SLSQSLSQS,B,9,coil,2018,14201.43,8109.715,PEPTIDE BINDING PROTEIN ,23765.08008,1414.122925,23223.87891,1955.324097
3so6,Kd=4.1uM,4.1,Kd,A,137,mix,NSINFDNPVYQKTT,Q,14,beta,2054,4169.42,3111.71,PROTEIN BINDING,8565.552734,1923.127441,8655.033203,1833.646973
3SOU,Kd = 2.5 uM,2.5,Kd,A,70,beta,ARTKQTARK,D,9,coil,1829,2402.05,2115.525,LIGASE ,5355.484375,1448.04248,5820.710449,982.8164063
3UPV,Kd = 5 uM,5,Kd,A,126,alpha,PTVEEVD,B,7,alpha,1967,1974.73,1970.865,PEPTIDE BINDING PROTEIN ,7356.953125,1049.478516,7250.781738,1155.649902
3uvk,Kd=0.16uM,0.16,Kd,A,318,beta,GCARSEPKILT,B,11,coil,2244,25048.96,13646.48,TRANSCRIPTION ,12353.99414,1613.957642,12548.60059,1419.351196
3UVM,Kd = 0.03 uM,0.03,Kd,A,318,beta,GAARAEVYLR,B,9,alpha,2244,25627.99,13935.995,TRANSCRIPTION ,12260.62891,1582.313965,12246.25684,1596.686035
4AIF,Kd = 18.6 uM,18.6,Kd,A,144,alpha,SRMEEVD,D,7,coil,1941,2903.61,2422.305,SIGNALING PROTEIN ,9064.360352,1104.609131,9193.993164,974.9763184
4APO,Kd = 12.3 uM,12.3,Kd,A,165,alpha,AEDDVE,D,6,coil,1941,2778.35,2359.675,SIGNALING PROTEIN,10321.6416,952.3927002,10245.20703,1028.827271
4cc2,Kd=46.5uM,46.5,Kd,A,67,beta,PPPALPSSAPSG,B,12,coil,1920,4516.33,3218.165,STRUCTURAL PROTEIN ,4782.415039,1600.186279,5103.206543,1279.394775
4cy1,Kd=181nM,0.181,Kd,A,316,beta,DGTCVAARTRPVLSY,C,15,coil,2244,25401.41,13822.705,TRANSCRIPTION ,12205.29395,1959.234863,12571.59961,1592.929199
4e3b,Ki=0.9uM,0.9,Ki,A,102,mix,ANSRWPTSIL,C,10,beta,2080,7958.81,5019.405,SIGNALING PROTEIN,6271.803711,1517.722046,6548.36377,1241.161987
4EQJ,Kd = 2.52 uM,2.52,Kd,A,203,beta,AETFYVDG,G,8,coil,2009,2339.65,2174.325,hydrolase,10504.78906,983.1256714,10051.47754,1436.437195
4ery,Kd=54nM,0.054,Kd,A,312,beta,VNPTGCARSEPKMS,D,14,coil,2244,25335.81,13789.905,Transferase ,12043.17676,1714.84082,12295.80566,1462.211914
4ewr,Kd=541nM,0.541,Kd,A,312,beta,EHQTGSARSEGYYP,C,14,coil,2244,25523.16,13883.58,Transferase ,12186.43945,1330.443481,12191.55664,1325.326294
4f14,Kd=12.93uM,12.93,Kd,A,64,beta,PPPTLPKPKLPKH,B,13,coil,1702,4387.02,3044.51,ACTIN-BINDING PROTEIN,3821.099854,1763.371948,4509.498047,1074.973755
4gne,Kd=3.4mM,3400,Kd,A,107,mix,ARTKQTA,B,7,beta,1771,1616.73,1693.865,TRANSFERASE,7050.664063,1127.863647,7066.754395,1111.773315
4gq6,Kd=53nM,0.053,Kd,A,489,alpha,SARWRFPARPGT,B,12,coil,2004,3008.39,2506.195,TRANSCRIPTION,21482.59961,1748.565796,21386.10742,1845.057983
4H39,Kd = 0.8 uM,0.8,Kd,A,356,mix,PKRPTTLNLF,B,10,coil,2029,6819.63,4424.315,TRANSFERASE ,17017.91992,1817.964844,17498.27734,1337.607422
4IKN,Kd = 14 uM,14,Kd,A,261,beta,SDYQRL,B,6,beta,1971,3545.66,2758.33,PROTEIN TRANSPORT ,13918.52051,1090.532593,14057.25293,951.8001709
4j73,Kd=27.7uM,27.7,Kd,A,301,beta,FEAKKLV,B,7,alpha,2036,18218.66,10127.33,PROTEIN TRANSPORT ,11939.98242,979.3579102,12076.33887,843.0014648
4j78,Kd=22.5uM,22.5,Kd,A,301,beta,KTKLL,B,5,coil,2036,18836.46,10436.23,PROTEIN TRANSPORT ,11983.58496,982.8639526,12017.2832,949.1657104
4j81,Kd=31.9uM,31.9,Kd,A,301,beta,KPHSD,C,5,coil,2036,18625.29,10330.645,PROTEIN TRANSPORT ,12229.5459,864.8508911,12225.95605,868.4407349
4JOE,Ki = 275 uM,275,Ki,A,87,beta,ANSRAPTSII,C,10,beta,2068,7254.92,4661.46,PEPTIDE BINDING PROTEIN ,5279.841309,1486.751099,5669.058594,1097.533813
4k75,Ki=56.2uM,56.2,Ki,A,87,mix,ANSRWQDTRL,B,10,beta,2074,7278.62,4676.31,PEPTIDE BINDING PROTEIN,5138.906738,1491.394287,5377.904297,1252.396729
4ln2,Kd=248uM,248,Kd,A,68,beta,ELAPPKPPLPE,B,11,coil,2001,5086.92,3543.96,SIGNALING PROTEIN ,4694.07373,1562.799194,5262.730957,994.1419678
4lnp,Kd=214uM,214,Kd,A,61,beta,VPPPRPPPPE,B,10,coil,1816,4994.7,3405.35,SIGNALING PROTEIN ,4982.530273,1589.534302,5482.250488,1089.814087
4MDR,Kd = 40.6 uM,40.6,Kd,A,310,beta,ENPTYKFFEQ,B,10,beta,2114,3822.41,2968.205,PROTEIN TRANSPORT,13108.50391,1392.141235,13519.99707,980.6480713
4NXQ,Kd = 18 uM,18,Kd,A,94,mix,ENQKEYFF,D,8,beta,2038,5881.93,3959.965,signaling Protein,6138.009277,1186.327515,6312.325684,1012.011108
4o36,Kd=436nM,0.436,Kd,B,104,mix,KETAAAHFEQHHMDS,A,15,alpha,1872,866.65,1369.325,HYDROLASE ,6765.185547,1573.584229,6883.82666,1454.943115
4WYU,Kd = 7.3 uM,7.3,Kd,A,212,mix,SWFQTDL,C,7,beta,2060,7265.5,4662.75,STRUCTURAL PROTEIN,10970.09961,1204.495972,11000.97168,1173.623901
4X3H,Ki = 96 uM,96,Ki,A,79,mix,RIPSYRYRY,B,9,beta,1944,1749.19,1846.595,SIGNALING PROTEIN ,5821.98291,1859.313599,5951.598145,1729.698364
4xhv,Kd=50uM,50,Kd,A,94,mix,DSKDVKEWYV,B,10,mix,2070,6774.36,4422.18,SIGNALING PROTEIN ,5875.648438,1589.575562,6405.520996,1059.703003
4Y7R,Kd = 9.3 uM,9.3,Kd,A,313,beta,EEIDVVSV,B,8,coil,2244,25630.61,13937.305,DNA BINDING PROTEIN ,12316.69629,1225.623535,12524.12598,1018.193848
4ysi,Kd=2.0uM,2,Kd,A,143,beta,SPGEGPSG,B,8,beta,1880,3435.32,2657.66,HYDROLASE,7795.827637,989.2478027,7944.643066,840.432373
4ZHL,Kd = 0.0147 uM,0.0147,Kd,U,247,mix,CPAYSRYIGC,P,10,coil,1876,2971.2,2423.6,HYDROLASE,11755.4502,1428.245605,11574.63965,1609.056152
5a2j,Kd=1.4uM,1.4,Kd,H,244,mix,APDTRP,P,6,coil,1969,2840.84,2404.92,PEPTIDE BINDING PROTEIN ,10522.65625,944.8421021,10552.09082,915.4075317
5cfa,Kd=0.290uM,0.29,Kd,A,331,beta,SKQFTSSTSYNRGDS,C,15,beta,1940,3095.09,2517.545,PROTEIN BINDING,15457.11426,1309.247314,15121.30566,1645.055908
5E1D,Kd = 0.1 uM,0.1,Kd,A,241,mix,YPKRIA,D,6,coil,1922,3122.54,2522.27,TRANSFERASE ,11328.22266,1143.213501,11275.74316,1195.692993
5E2Q,Kd = 1.64 uM,1.64,Kd,A,726,mix,DRVYIHPF,B,8,beta,1973,2889.51,2431.255,HYDROLASE ,26635.26563,1453.049194,25840.53906,2247.775757
5gp7,Kd=7.1uM,7.1,Kd,A,169,alpha,SLSRTPADGR,B,10,coil,1968,1254.41,1611.205,TRANSFERASE ,8476.643555,1631.471436,8700.237305,1407.877686
5GU4,Kd = 3.4 uM,3.4,Kd,A,301,mix,DDMGFGLFD,C,9,alpha,1976,2534.95,2255.475,HYDROLASE ,11894.80273,906.307251,11885.39746,915.7125244
5HEB,Kd = 0.8 uM,0.8,Kd,A,119,mix,TKNYKQTSV,B,9,beta,2080,8318.88,5199.44,PEPTIDE BINDING PROTEIN ,7105.994629,1280.365967,7221.311523,1165.049072
5hey,Kd=2.2uM,2.2,Kd,A,119,mix,TKNYKQTSV,B,9,beta,2072,8182.01,5127.005,PEPTIDE BINDING PROTEIN ,6788.535156,1318.446533,7112.26709,994.7145996
5WOU,Kd = 664 nM,0.664,Kd,A,100,mix,LPSFETAL,V,8,beta,2067,8030.38,5048.69,CELL ADHESION ,5499.529785,1251.531372,5735.503418,1015.557739
5xhz,Kd=0.32uM,0.32,Kd,A,66,beta,RPVPMKRHIFR,C,11,coil,1749,5007.68,3378.34,PROTEIN BINDING ,4921.928223,2100.169434,5559.291992,1462.805664
5YGF,Kd = 0.57 uM,0.57,Kd,A,223,mix,DQGRGRRRP,D,9,coil,1979,3329.44,2654.22,PROTEIN BINDING ,12588.32031,1683.944702,12584.86523,1687.39978
6CDG,Kd = 1.9 uM,1.9,Kd,A,167,mix,PGLWKS,B,6,beta,1965,3247.72,2606.36,PEPTIDE BINDING PROTEIN ,9159.238281,1192.73291,9119.462891,1232.508301
6evn,Kd=19.7uM,19.7,Kd,A,102,alpha,PPGPAGPPG,C,9,coil,1909,2307.08,2108.04,HYDROLASE ,5770.681152,1115.47229,6045.163574,840.9898682
6IM4,Kd = 40 nM,0.04,Kd,A,390,alpha,GMPRGA,C,6,coil,1928,1177.98,1552.99,PEPTIDE BINDING PROTEIN ,18866.69922,920.2232056,18530.99219,1255.930237
