PDB ID,Affinity,Affinity (uM),type,Chain,Length,SS,Sequence,Chain,Length,SS,score_sum_seq,score_sum_struc,score_average,keywords,protein_sasa,peptide_sasa,combined_sasa,bsa
4O36,Kd=436nM,0.436,Kd,B,104,mix,KETAAAHFEQHHMDS,A,15,alpha,1872,866.65,1369.325,HYDROLASE ,6765.185547,1573.584229,6883.82666,1454.943115
1FCH,Kd = 70 nM,0.07,Kd,A,368,alpha,YQSKL,C,5,coil,1909,935.02,1422.01,SIGNALING PROTEIN ,14025.51758,1007.228638,13859.73438,1173.011841
6IM4,Kd = 40 nM,0.04,Kd,A,390,alpha,GMPRGA,C,6,coil,1928,1177.98,1552.99,PEPTIDE BINDING PROTEIN ,18866.69922,920.2232056,18530.99219,1255.930237
5GP7,Kd=7.1uM,7.1,Kd,A,169,alpha,SLSRTPADGR,B,10,coil,1968,1254.41,1611.205,TRANSFERASE ,8476.643555,1631.471436,8700.237305,1407.877686
4GNE,Kd=3.4mM,3400,Kd,A,107,mix,ARTKQTA,B,7,beta,1771,1616.73,1693.865,TRANSFERASE,7050.664063,1127.863647,7066.754395,1111.773315
1OAI,Kd=10uM,10,Kd,A,59,alpha,DSGFSFGSK,B,9,coil,1783,1906.59,1844.795,NUCLEAR TRANSPORT ,4487.080078,1392.925537,4957.556641,922.4489746
4X3H,Ki = 96 uM,96,Ki,A,79,mix,RIPSYRYRY,B,9,beta,1944,1749.19,1846.595,SIGNALING PROTEIN ,5821.98291,1859.313599,5951.598145,1729.698364
1MF4,Ki = 10.2 nM,0.0102,Ki,A,119,mix,VAFRS,B,5,coil,1858,2060.49,1959.245,HYDROLASE,7069.520508,966.979248,6981.115234,1055.384521
3UPV,Kd = 5 uM,5,Kd,A,126,alpha,PTVEEVD,B,7,alpha,1967,1974.73,1970.865,PEPTIDE BINDING PROTEIN ,7356.953125,1049.478516,7250.781738,1155.649902
1ELW,Kd = 16 uM,16,Kd,A,118,alpha,GPTIEEVD,C,8,coil,2030,2066.92,2048.46,CHAPERONE ,6931.11084,1261.86145,6978.624023,1214.348267
3D9T,Kd = 48 nM,0.048,Kd,A,97,mix,ATPFQE,C,6,beta,1882,2283.56,2082.78,APOPTOSIS ,6115.277832,1004.885559,6253.193848,866.9695435
3ASL,Kd=1.73uM,1.73,Kd,A,70,coil,ARTKQTARKST,B,11,coil,1810,2391.95,2100.975,LIGASE,5133.638184,1729.030884,5806.956055,1055.713013
6EVN,Kd=19.7uM,19.7,Kd,A,102,alpha,PPGPAGPPG,C,9,coil,1909,2307.08,2108.04,HYDROLASE ,5770.681152,1115.47229,6045.163574,840.9898682
3IQG,Kd = 24.9 uM,24.9,Kd,X,316,mix,MNWNI,P,5,coil,1972,2260.12,2116.06,TRANSFERASE ,13623.87793,827.3280029,13433.68066,1017.525269
2HO2,Kd = 116 uM,116,Kd,A,38,beta,PPPPPPPPPL,B,10,coil,1228,3008.55,2118.275,PROTEIN BINDING ,2804.180664,1479.144287,3640.208008,643.1169434
4EQJ,Kd = 2.52 uM,2.52,Kd,A,203,beta,AETFYVDG,G,8,coil,2009,2339.65,2174.325,hydrolase,10504.78906,983.1256714,10051.47754,1436.437195
5GU4,Kd = 3.4 uM,3.4,Kd,A,301,mix,DDMGFGLFD,C,9,alpha,1976,2534.95,2255.475,HYDROLASE ,11894.80273,906.307251,11885.39746,915.7125244
4GQ6,Kd=53nM,0.053,Kd,A,489,alpha,SARWRFPARPGT,B,12,coil,2004,3008.39,2506.195,TRANSCRIPTION,21482.59961,1748.565796,21386.10742,1845.057983
5CFA,Kd=0.290uM,0.29,Kd,A,331,beta,SKQFTSSTSYNRGDS,C,15,beta,1940,3095.09,2517.545,PROTEIN BINDING,15457.11426,1309.247314,15121.30566,1645.055908
1D4T,Kd=650nM,0.65,Kd,A,104,mix,KSLTIYAQVQK,B,11,beta,1943,3162.68,2552.84,SIGNALING PROTEIN ,6655.964355,1898.284302,6711.846191,1842.402466
1T7R,Kd=1.1uM,1.1,Kd,A,269,alpha,SSRFESLFAGEKESR,B,15,alpha,1958,3716.33,2837.165,GROWTH FACTOR RECEPTOR ,12798.44629,1273.906738,12953.98535,1118.367676
3SO6,Kd=4.1uM,4.1,Kd,A,137,mix,NSINFDNPVYQKTT,Q,14,beta,2054,4169.42,3111.71,PROTEIN BINDING,8565.552734,1923.127441,8655.033203,1833.646973
4F14,Kd=12.93uM,12.93,Kd,A,64,beta,PPPTLPKPKLPKH,B,13,coil,1702,4387.02,3044.51,ACTIN-BINDING PROTEIN,3821.099854,1763.371948,4509.498047,1074.973755
2PEH,Kd = 1.1 uM,1.1,Kd,A,105,mix,KRKSRWDETP,C,10,coil,1936,2750.15,2343.075,PROTEIN BINDING ,5794.295898,1854.095459,6523.800293,1124.591064
